n,mean_min,mean_max,dev_min,dev_max
20,-0.551024245620557,0.34270579386795436,0.7329589802208263,1.3834795884604076
100,-0.3035484217869727,0.1398111577317491,0.9816421353780297,1.2969539419695122
