n,mean_min,mean_max,dev_min,dev_max
20,-0.09199298682191337,0.9503541059724174,0.23106693611173942,0.2914854010932303
100,0.3455766916367808,0.7889362711555026,0.25215483010272854,0.30373863083175034
