n,mean_min,mean_max,dev_min,dev_max
20,-0.3887491424030045,0.6829952661003709,0.8789507502327885,1.6590429410424368
100,-0.22787078831499522,0.19675653578820043,0.9401670617447841,1.2421567217774525
