n,mean_min,mean_max,dev_min,dev_max
20,-0.004019129598801241,0.9942880622306061,0.27439122156105417,0.33322356130410363
100,0.2616176316936871,0.6862449557968827,0.2682116083125406,0.31960505437636394
